<!DOCTYPE hibernate-configuration PUBLIC "-//Hibernate/Hibernate Configuration DTD 3.0//EN"
        "http://www.hibernate.org/dtd/hibernate-configuration">
<hibernate-configuration>

    <!-- Database connection settings -->
    <session-factory>
        <property name="hibernate.connection.driver_class">com.mysql.cj.jdbc.Driver</property>
        <property name="hibernate.connection.url">jdbc:mysql://localhost:3306/aims</property>
        <property name="hibernate.connection.username">root</property>
        <property name="hibernate.connection.password">Long281102</property>

        <!-- JDBC connection pool settings (optional) -->
        <property name="hibernate.c3p0.min_size">5</property>
        <property name="hibernate.c3p0.max_size">20</property>
        <property name="hibernate.c3p0.timeout">300</property>
        <property name="hibernate.c3p0.max_statements">50</property>

        <!-- Enable Hibernate's automatic session context management -->
        <property name="hibernate.current_session_context_class">thread</property>

        <!-- Echo all executed SQL to stdout -->
        <property name="hibernate.show_sql">true</property>

        <!-- Drop and re-create the database schema on startup -->
        <property name="hibernate.hbm2ddl.auto">create-drop</property>

        <!-- Mention annotated entity classes -->
        <mapping class="com.example.Entity.Book"/>
        <mapping class="com.example.Entity.Card"/>
        <mapping class="com.example.Entity.CD"/>
        <mapping class="com.example.Entity.DeliveryInfo"/>
        <mapping class="com.example.Entity.DVD"/>
        <mapping class="com.example.Entity.Invoice"/>
        <mapping class="com.example.Entity.Media"/>
        <mapping class="com.example.Entity.Order"/>
        <mapping class="com.example.Entity.OrderMedia"/>
        <mapping class="com.example.Entity.PaymentTransaction"/>


    </session-factory>

</hibernate-configuration>
